question	theme	fréquence
1 patronal		48
13 eme mois	13eme-mois	177
13 ème mois	13eme-mois	108
13 mois	13eme-mois	60
13e mois	13eme-mois	78
13eme mois	13eme-mois	168
13ème mois	13eme-mois	144
1er mai		78
35 heures		69
a travail égal salaire égal		48
abandon de poste	abandon-de-poste	1622
abandon de poste	abandon-de-poste	87
abandon de poste et chomage	abandon-de-poste	54
abandon poste	abandon-de-poste	42
absence de contrat	absence-contrat-travail	72
absence de contrat de travail	absence-contrat-travail	93
absence injustifiée		54
abus de pouvoir		66
accident de trajet	accident-travail	126
accident de travail	accident-travail	1032
accident de travail	accident-travail	48
accident de travail et congés payés	accident-travail	48
accident du travail	accident-travail	511
accident travail	accident-travail	102
ai je droit au chomage	droits-chomage	54
ai je droit au chômage	droits-chomage	42
aide a domicile		60
aidez moi svp	sos	45
allocation chomage	allocation-chomage	336
allocation chômage	allocation-chomage	221
allocations chomage	allocation-chomage	149
allocations chômage	allocation-chomage	128
aménagement du temps de travail		48
amplitude horaire		72
annexe 7		60
annualisation du temps de travail		174
arret de travail	arret-travail	165
arrêt de travail	arret-travail	217
arret maladie	arret-travail	540
arrêt maladie	arret-travail	320
arrêt maladie	arret-travail	45
arrêt maladie et congés	arret-travail	66
arrêt maladie et congés payés	arret-travail	78
arrêt maladie et démission	arret-travail	48
arrêt maladie et licenciement	arret-travail	48
assistante maternelle		258
attestation assedic		222
attestation de salaire		60
attestation employeur		222
attestation pole emploi		90
attestation pôle emploi		81
au secours	sos	99
augmentation de salaire		90
augmentation salaire		60
auxiliaire de vie		78
avantage en nature		78
avantages en nature		79
avenant a mon contrat	avenant-contrat-travail	48
avenant au contrat	avenant-contrat-travail	312
avenant au contrat de travail	avenant-contrat-travail	381
avenant cdd		57
avenant contrat	avenant-contrat-travail	60
avenant contrat de travail	avenant-contrat-travail	246
avenant de contrat	avenant-contrat-travail	222
avertissement abusif		54
baisse de salaire		189
besoin d aide	sos	48
besoin d' aide	sos	228
besoin de conseil	sos	69
besoin de conseils	sos	60
besoin de renseignement	sos	48
besoin de renseignements	sos	90
bulletin de paie	bulletin-de-salaire	78
bulletin de salaire	bulletin-de-salaire	96
burn out		54
cae cui		72
calcul are		132
calcul conges payes	calcul-conges-payes	48
calcul congés payés	calcul-conges-payes	150
calcul de congés payés	calcul-conges-payes	48
calcul de l' ancienneté	calcul-anciennete	54
calcul des congés	calcul-conges-payes	78
calcul des congés payés	calcul-conges-payes	201
calcul des indemnités de licenciement	calcul-indemnites-licenciement	51
calcul du solde de tout compte	calcul-solde-de-tout-compte	42
calcul indemnités de licenciement	calcul-indemnites-licenciement	66
calcul prime de licenciement	calcul-indemnites-licenciement	60
calcul retraite		96
calcul solde de tout compte	calcul-solde-de-tout-compte	96
cap petite enfance		63
carriere longue		84
carrière longue		51
cdd	contrat-cdd	72
cdd à terme imprécis		132
cdd cdi	cdd-vers-cdi	156
cdd de remplacement		192
cdd en cdi	cdd-vers-cdi	191
cdd et cdi	cdd-vers-cdi	54
cdd et prime de précarité		66
cdd non signé		120
cdd ou cdi		162
cdd remplacement		68
cdd saisonnier		93
cdd sans contrat		72
cdd sans date de fin		156
cdd sans terme précis		90
cdd transformé en cdi	cdd-vers-cdi	48
cdd vers cdi	cdd-vers-cdi	69
cdi	contrat-cdi	54
cdi à temps partiel		48
cdi de chantier		54
cdi intérimaire		54
cdi temps partiel		132
certificat de travail		155
cessation d' activité		48
changement convention collective		48
changement d horaire	changement-horaires	96
changement d horaires	changement-horaires	60
changement d' employeur		120
changement d' entreprise		54
changement d' horaire	changement-horaires	270
changement d' horaire de travail	changement-horaires	66
changement d' horaires	changement-horaires	162
changement de coefficient		105
changement de contrat	modification-contrat-travail	281
changement de contrat de travail	modification-contrat-travail	78
changement de convention collective		72
changement de fonction		90
changement de lieu de travail	modification-lieu-travail	108
changement de patron		120
changement de planning		252
changement de poste		527
changement de poste de travail		60
changement de situation		43
changement de société		54
changement de statut		183
changement horaires	changement-horaires	48
changement lieu de travail	modification-lieu-travail	54
chauffeur livreur		54
chauffeur routier		66
chaussures de sécurité		54
chèque emploi service		60
chômage après congé parental		66
chômage après démission	demission-chomage	42
chomage et retraite		96
chomage partiel	chomage-partiel	162
chômage partiel	chomage-partiel	102
chomage technique	chomage-technique	69
chômage technique	chomage-technique	87
clause d' exclusivité		54
clause de dédit formation		43
clause de mobilité		135
clause de non concurence	clause-non-concurrence	144
clause de non concurrence	clause-non-concurrence	993
clause de non-concurrence	clause-non-concurrence	99
clause non concurrence	clause-non-concurrence	60
coefficient et salaire		45
combien de cdd		51
comment faire	sos	54
comment me faire licencier	comment-se-faire-licencier	45
comment se faire licencier	comment-se-faire-licencier	48
complement de salaire	complement-salaire	200
complément de salaire	complement-salaire	450
complement salaire	complement-salaire	54
complément salaire	complement-salaire	72
compte épargne temps		60
condition de travail		177
conditions de travail		324
conflit avec mon employeur		120
congé		78
congé annuel	conges-annuels	73
congé d' été		54
congé enfant malade		66
congé forcé	conges-imposes	54
congé imposé	conges-imposes	96
congé individuel de formation		57
congé mariage	conges-mariage	66
congé maternité	conge-maternite	183
conge parental	conge-parental	288
congé parental	conge-parental	1017
congé parental 80	conge-parental	42
congé parental à temps partiel	conge-parental	114
congé parental d' éducation	conge-parental	114
congé parental et congés payés	conge-parental	72
congé parental temps partiel	conge-parental	60
conge parentale	conge-parental	54
congé parentale	conge-parental	78
congé paternité	conge-paternite	144
conge paye	conges-payes	300
congé paye	conges-payes	54
congé payé	conges-payes	816
congé payé	conges-payes	60
congé payé imposé	conges-payes	60
conge payer	conges-payes	78
congé payer	conges-payes	180
conge payes	conges-payes	48
congé payés	conges-payes	138
congé pour mariage	conges-mariage	42
congé refusé		48
conge sabbatique	conge-sabbatique	48
congé sabbatique	conge-sabbatique	216
conge sans solde	conge-sans-solde	72
congé sans solde	conge-sans-solde	329
conger parental	conge-parental	48
conger payer	conges-payes	120
congés	conges-payes	48
conges	conges-payes	60
congés	conges-payes	108
congés annuel	congés-annuels	60
conges annuels	congés-annuels	90
congés annuels	congés-annuels	218
congés assistante maternelle	conges-assistante-maternelle	54
congés d' ancienneté		96
congés d' été		126
congés exceptionnels		48
congés forcés	conges-imposes	63
congés fractionnés		51
congés imposé	conges-imposes	60
conges imposes	conges-imposes	84
congés imposés	conges-imposes	345
congés imposés	conges-imposes	75
congés imposés par l' employeur	conges-imposes	45
congés mariage	conges-mariage	78
conges maternite	conge-maternite	48
congés maternité	conge-maternite	120
congés non payés		56
congés pacs		48
conges parental	conge-parental	96
congés parental	conge-parental	138
conges parentale	conge-parental	48
congés payé	conges-payes	90
congés payées	conges-payes	72
conges payer	conges-payes	204
congés payer	conges-payes	159
conges payes	conges-payes	1179
conges payes	conges-payes	63
conges payés	conges-payes	191
congés payes	conges-payes	198
congés payés	conges-payes	4074
congés payés	conges-payes	102
congès payés	conges-payes	72
conges payes	conges-payes	57
congés payés	conges-payes	330
congés payés à temps partiel	conges-temps-partiel	78
congés payés assistante maternelle	conges-assistante-maternelle	114
congés payés cdd		54
congés payés et congé parental		66
congés payés et temps partiel	conges-temps-partiel	111
congés payés forcés	conges-imposes	48
congés payés imposés	conges-imposes	363
congés payés imposés par l' employeur	conges-imposes	66
congés payés non pris		96
congés payés refusés		54
congés payés temps partiel		126
congés pour mariage	conges-mariage	114
congés pour pacs		42
conges sans solde	conges-sans-solde	111
congés sans solde	conges-sans-solde	231
congés sans solde imposés	conges-imposes	48
congés sans soldes	conges-sans-solde	108
congés sans soldes imposés	conges-imposes	48
congés supplémentaires		45
contestation solde de tout compte		48
contrat aidé		90
contrat annualisé		48
contrat apprentissage		54
contrat avenir		120
contrat cae		306
contrat cae cui		48
contrat cdd	contrat-cdd	294
contrat cdi	contrat-cdi	102
contrat cui	contrat-cui	240
contrat cui cae		84
contrat d apprentissage	contrat-apprentissage	54
contrat d' apprentissage	contrat-apprentissage	288
contrat d' avenir		93
contrat de professionalisation	contrat-professionalisation	102
contrat de professionnalisation	contrat-professionalisation	351
contrat de sécurisation professionnelle		49
contrat de travail	contrat-travail	1736
contrat de travail	contrat-travail	57
contrat de travail	contrat-travail	84
contrat de travail et salaire		48
contrat de travail non signé		69
contrat en cdd	contrat-cdd	60
contrat extra		54
contrat interim		78
contrat intérim		42
contrat non signé		96
contrat pro		156
contrat saisonnier		114
contrat travail	contrat-travail	84
convention 66		60
convention collective	conventions-collectives	505
conventions collectives	conventions-collectives	48
cotisation retraite		61
cui cae		125
cumul d' emplois	cumul-emplois	48
cumul de 2 emplois	cumul-emplois	48
cumul emploi	cumul-emplois	109
cumul emploi retraite		179
cumuler 2 emplois	cumul-emplois	45
décompte congés payés	conges-payes-decompte	132
décompte de congés payés	conges-payes-decompte	48
décompte des congés	conges-payes-decompte	78
décompte des congés payés	conges-payes-decompte	132
delai de carence		48
délai de carence		97
délai de paiement		42
délai de préavis		84
délai de prévenance		73
delegue du personnel		48
délégué du personnel		54
demande d' information	sos	90
demande d' informations	sos	48
demande de congés		54
demande de congés payés		51
demande de conseil	sos	84
demande de demission	comment-demissionner	60
demande de démission	comment-demissionner	51
demande de disponibilité		48
demande de droit	sos	72
demande de licenciement	comment-se-faire-licencier	90
demande de renseignement	sos	603
demande de renseignements	sos	516
demande de retraite	droits-retraite	116
demande de rupture conventionnelle	rupture-conventionnelle	138
demande rupture conventionnelle	rupture-conventionnelle	48
demenagement entreprise		42
demission	comment-demissionner	69
démission	comment-demissionner	66
demission	comment-demissionner	144
démission	comment-demissionner	84
demission cdd	comment-demissionner-cdd	141
démission cdd	comment-demissionner-cdd	66
démission cdd pour cdi		54
demission cdi	comment-demissionner-cdi	156
démission cdi	comment-demissionner-cdi	233
démission cdi pour cdd		72
demission chomage	demission-chomage	69
demission d' un cdd	comment-demissionner-cdd	60
démission d' un cdd	comment-demissionner-cdd	57
demission d' un cdi	comment-demissionner-cdi	66
démission d' un cdi	comment-demissionner-cdi	129
démission en période d' essai	demission-periode-dessai	102
démission et allocation chômage	demission-chomage	51
démission et arrêt de travail		54
démission et arrêt maladie		60
demission et assedic	demission-chomage	54
demission et chomage	demission-chomage	108
demission et chômage	demission-chomage	48
démission et chomage	demission-chomage	66
démission et chômage	demission-chomage	114
démission et clause de non concurrence	clause-non-concurrence	72
démission et congés	demission-conges	96
demission et congés payés	demission-conges	60
démission et congés payés	demission-conges	240
démission et pacs		60
demission et preavis	demission-preavis	48
demission et préavis	demission-preavis	54
démission et préavis	demission-preavis	342
démission forcée		114
demission legitime		96
démission légitime		195
demission ou abandon de poste		51
démission ou abandon de poste		102
demission ou licenciement		60
démission ou licenciement		135
démission ou pas		45
démission ou rupture conventionnelle		87
démission pendant congé parental		72
démission pendant la période d' essai		48
démission pendant période d' essai		75
démission période d' essai		72
démission pour création d' entreprise		66
démission pour pacs		60
démission pour rapprochement de conjoint	demission-rapprochement-conjoint	240
demission pour suivi de conjoint	demission-rapprochement-conjoint	108
démission pour suivi de conjoint	demission-rapprochement-conjoint	288
démission pour suivre conjoint	demission-rapprochement-conjoint	54
demission pour suivre mon conjoint	demission-rapprochement-conjoint	60
démission pour suivre mon conjoint	demission-rapprochement-conjoint	108
demission pour suivre son conjoint	demission-rapprochement-conjoint	66
démission pour suivre son conjoint	demission-rapprochement-conjoint	72
démission préavis	demission-preavis	126
demission sans preavis	demission-preavis	132
demission sans préavis	demission-preavis	102
démission sans préavis	demission-preavis	234
démission suivi de conjoint	demission-rapprochement-conjoint	90
depart a la retraite	depart-retraite	96
départ à la retraite	depart-retraite	105
depart en retraite	depart-retraite	102
départ en retraite	depart-retraite	139
depart retraite	depart-retraite	126
départ retraite	depart-retraite	96
départ volontaire		59
déplacements professionnels		54
diminution du temps de travail		66
discrimination salariale		66
dispense de recherche d' emploi		57
documents fin de contrat		42
dossier retraite		66
droit à l' are		42
droit a la formation	droits-formation	60
droit à la formation	droits-formation	66
droit a la retraite	droits-retraite	81
droit à la retraite	droits-retraite	78
droit assedic	droits-chomage	78
droit au assedic	droits-chomage	60
droit au chomage	droits-chomage	615
droit au chômage	droits-chomage	444
droit au chomage	droits-chomage	81
droit au chômage	droits-chomage	78
droit au congé		48
droit aux assedic	droits-chomage	66
droit aux congés		60
droit aux congés payés		69
droit chomage	droits-chomage	132
droit chômage	droits-chomage	123
droit d' option		48
droit de retrait		106
droit du salarié		120
droit du travail		384
droits au chomage	droits-chomage	87
droits au chômage	droits-chomage	60
droits rechargeables		95
durée d' indemnisation		51
durée de mon préavis	demission-preavis	66
duree de preavis	demission-preavis	48
durée de préavis	demission-preavis	168
durée de travail		54
durée du préavis	demission-preavis	180
durée du travail		57
durée préavis	demission-preavis	111
emploi d' avenir		54
enfant malade		72
entretien annuel		43
entretien prealable	entretien-prealable	42
entretien préalable	entretien-prealable	68
entretien préalable au licenciement	entretien-prealable	102
entretien préalable de licenciement	entretien-prealable	54
entretien professionnel		44
erreur de caisse		54
erreur fiche de paie		42
faute grave	faute-grave	138
faute inexcusable de l' employeur		45
faute lourde	faute-grave	54
fermeture pour travaux		42
feuille de paie	fiche-de-paie	48
fiche de paie	fiche-de-paie	219
fiche de paye	fiche-de-paie	90
fiche de poste		123
fin cdd	fin-cdd	171
fin de cdd	fin-cdd	1253
fin de cdd	fin-cdd	78
fin de cdd et prime de précarité	fin-cdd	60
fin de congé parental		48
fin de contrat	fin-cdd	940
fin de contrat	fin-cdd	57
fin de contrat assistante maternelle		114
fin de contrat cae		48
fin de contrat cdd	fin-cdd	197
fin de contrat cui		54
fin de contrat d' apprentissage		102
fin de droit		135
fin de droit are		48
fin de droits		44
fin de mission		45
fin de periode d essai	fin-periode-essai	60
fin de periode d' essai	fin-periode-essai	90
fin de période d' essai	fin-periode-essai	306
fin période d' essai	fin-periode-essai	108
financement formation		66
fonction publique		67
fonction publique hospitalière		44
forfait jour		48
formation afpa		54
formation afpr		48
formation aide soignante		54
formation professionnelle		79
frais de deplacement	frais-deplacement	57
frais de déplacement	frais-deplacement	141
frais de déplacements	frais-deplacement	54
frais de transport	frais-deplacement	96
frais kilométriques	frais-deplacement	78
frais professionnels	frais-deplacement	44
grand déplacement		66
grille de salaire		90
grille salaire		48
harcèlement au travail	harcelement	138
harcelement moral	harcelement	246
harcèlement moral	harcelement	417
harcèlement moral au travail	harcelement	48
heure de nuit		120
heure de travail		126
heure sup		78
heure supplementaire	heures-supplementaires	96
heure supplémentaire	heures-supplementaires	159
heure supplémentaires	heures-supplementaires	48
heures à rattraper		60
heures complementaires	heures-supplementaires	90
heures complémentaires	heures-supplementaires	192
heures de nuit		150
heures de recherche d' emploi		48
heures de récupération		54
heures de travail		135
heures non payées		120
heures sup		140
heures suplementaire	heures-supplementaires	66
heures suplementaires	heures-supplementaires	45
heures suplémentaires	heures-supplementaires	48
heures supp	heures-supplementaires	90
heures supplementaire	heures-supplementaires	84
heures supplémentaire	heures-supplementaires	132
heures supplementaires	heures-supplementaires	369
heures supplémentaires	heures-supplementaires	1159
heures supplémentaires	heures-supplementaires	51
heures supplémentaires non payées		201
heures supplémentaires non rémunérées		48
horaire de travail		180
horaires de travail		170
inaptitude au poste	inaptitude	54
inaptitude au poste de travail	inaptitude	48
inaptitude au travail	inaptitude	102
inaptitude et licenciement	inaptitude	48
inaptitude et reclassement	inaptitude	54
inaptitude professionnelle	inaptitude	90
indemnisation chomage	droits-chomage	90
indemnisation chômage	droits-chomage	106
indemnisation pole emploi	droits-chomage	66
indemnisation pôle emploi	droits-chomage	90
indemnite chomage	droits-chomage	66
indemnité chomage	droits-chomage	90
indemnité chômage	droits-chomage	80
indemnité compensatrice de congés payés		59
indemnité de départ à la retraite		72
indemnité de fin de contrat		90
indemnite de licenciement	calcul-indemnites-licenciement	96
indemnité de licenciement	calcul-indemnites-licenciement	269
indemnité de licenciement	calcul-indemnites-licenciement	51
indemnité de licenciement pour inaptitude		48
indemnité fin de contrat		48
indemnité journalière		48
indemnité licenciement	calcul-indemnites-licenciement	99
indemnité rupture conventionnelle	calcul-indemnites-rupture-conventionnelle	66
indemnités chomage	droits-chomage	114
indemnités chômage	droits-chomage	171
indemnités congés payés		132
indemnités de congés payés		60
indemnités de fin de contrat		92
indemnites de licenciement	calcul-indemnites-licenciement	102
indemnités de licenciement	calcul-indemnites-licenciement	483
indemnités de licenciement	calcul-indemnites-licenciement	45
indemnités fin de cdd		48
indemnités journalières		93
indemnités kilométriques		54
indemnités licenciement	calcul-indemnites-licenciement	72
indemnités pôle emploi	droits-chomage	48
indemnités repas		60
indemnités rupture conventionnelle	calcul-indemnites-rupture-conventionnelle	66
inscription pole emploi		57
inscription pôle emploi		72
inspection du travail		52
invalidité et licenciement		54
jour de fractionnement		60
jour de repos		281
jour de solidarité		48
jour enfant malade		42
jour ferie	jours-feries	102
jour ferié	jours-feries	54
jour férié	jours-feries	348
journee de solidarite	journee-solidarite	84
journée de solidarité	journee-solidarite	378
journée solidarité	journee-solidarite	60
jours de carence		63
jours de congés		91
jours de fractionnement		126
jours de repos		120
jours feries	jours-feries	84
jours feriés	jours-feries	60
jours fériés	jours-feries	421
lettre d' avertissement	lettre-avertissement	66
lettre de demission	lettre-demission	87
lettre de démission	lettre-demission	102
lettre de licenciement	lettre-licenciement	170
lettre licenciement	lettre-licenciement	53
licenciement		129
licenciement	licenciement-procedure	390
licenciement a l' amiable		141
licenciement à l' amiable		231
licenciement abandon de poste		54
licenciement abusif	licenciement-abusif	1176
licenciement abusif		150
licenciement abusif ou pas		51
licenciement amiable		219
licenciement assistante maternelle		180
licenciement cdd		54
licenciement conventionnel		210
licenciement economique	licenciement-economique	1185
licenciement économique	licenciement-economique	1788
licenciement économique	licenciement-economique	60
licenciement economique	licenciement-economique	93
licenciement économique	licenciement-economique	78
licenciement économique et csp		54
licenciement économique individuel		60
licenciement économique ou rupture conventionnelle		96
licenciement en arret maladie	licenciement-arret-maladie	48
licenciement en arrêt maladie	licenciement-arret-maladie	60
licenciement en cdd		45
licenciement en maladie	licenciement-arret-maladie	45
licenciement et congés payés		48
licenciement faute grave	licenciement-faute-grave	390
licenciement femme enceinte		48
licenciement inaptitude	licenciement-inaptitude	294
licenciement maladie professionnelle	licenciement-arret-maladie	60
licenciement ou demission		57
licenciement ou démission		108
licenciement ou rupture conventionnelle		129
licenciement pendant arrêt maladie	licenciement-arret-maladie	66
licenciement pendant un arrêt maladie	licenciement-arret-maladie	72
licenciement pour abandon de poste	abandon-de-poste	336
licenciement pour absence	licenciement-absences	60
licenciement pour absence injustifiée	licenciement-absences	60
licenciement pour absences injustifiées	licenciement-absences	96
licenciement pour cause réelle et sérieuse		114
licenciement pour faute	licenciement-faute-grave	315
licenciement pour faute grave	licenciement-faute-grave	1434
licenciement pour faute grave	licenciement-faute-grave	45
licenciement pour faute grave	licenciement-faute-grave	132
licenciement pour faute lourde	licenciement-faute-grave	132
licenciement pour inaptitude	licenciement-inaptitude	2313
licenciement pour inaptitude	licenciement-inaptitude	168
licenciement pour inaptitude	licenciement-inaptitude	147
licenciement pour inaptitude au poste	licenciement-inaptitude	72
licenciement pour inaptitude médicale	licenciement-inaptitude	48
licenciement pour inaptitude non professionnelle	licenciement-inaptitude	60
licenciement pour inaptitude physique	licenciement-inaptitude	48
licenciement pour inaptitude professionnelle	licenciement-inaptitude	48
licenciement pour maladie	licenciement-arret-maladie	60
licenciement pour motif personnel		108
licenciement pour vol		102
licenciement rupture conventionnelle	rupture-conventionnelle	126
licenciement salarié protégé		54
licenciement sans préavis		48
licenciement suite inaptitude	licenciement-inaptitude	54
licenciment		144
licenciment abusif		90
licenciment economique	licenciement-economique	210
licenciment économique	licenciement-economique	114
licenciment faute grave	licenciement-faute-grave	69
licenciment pour faute grave	licenciement-faute-grave	120
licenciment pour inaptitude	licenciement-inaptitude	114
lieu de travail		59
liquidation judiciaire		144
litige avec employeur		72
litige avec mon employeur		90
litige employeur		99
logement de fonction		120
longue maladie		48
lundi de pentecote		84
lundi de pentecôte		93
ma retraite		96
maintien de salaire		210
maintient de salaire		48
maison de retraite		54
maladie professionnel	maladie-professionnelle	69
maladie professionnelle	maladie-professionnelle	493
médaille du travail		72
medecine du travail		126
médecine du travail		95
menace de licenciement		60
mes droit		90
mes droits		279
mi temps		90
mi temps therapeutique		177
mi temps thérapeutique		258
mi-temps thérapeutique		90
minimum retraite		54
minimum vieillesse		84
mise a pied	mise-a-pied	228
mise à pied	mise-a-pied	324
mise a pied a titre conservatoire	mise-a-pied	102
mise à pied à titre conservatoire	mise-a-pied	60
mise a pied conservatoire	mise-a-pied	348
mise à pied conservatoire	mise-a-pied	351
mise à pied disciplinaire	mise-a-pied	78
mise au placard		66
mise en disponibilité		54
modification contrat de travail	modification-contrat-travail	246
modification contrat travail	modification-contrat-travail	42
modification de contrat	modification-contrat-travail	189
modification de contrat de travail	modification-contrat-travail	48
modification de planning		66
modification des horaires de travail		60
modification du contrat de travail	modification-contrat-travail	195
modification du temps de travail		72
modification horaire de travail		54
modification horaires de travail		54
modulation du temps de travail		96
motif de licenciement		60
mutuelle d' entreprise	mutuelle	63
mutuelle entreprise	mutuelle	90
mutuelle obligatoire	mutuelle	291
nombre de jours de congés		48
non paiement de salaire		105
non paiement du salaire		60
non renouvellement cdd	fin-cdd	54
non renouvellement d' un cdd	fin-cdd	54
non renouvellement de cdd	fin-cdd	96
non renouvellement de contrat	fin-cdd	90
non respect de la convention collective		81
non respect du contrat		60
non respect du contrat de travail		105
notification de retraite		54
nouveau contrat		43
nouveau contrat de travail		60
obligation de l' employeur		48
paiement congés payés		77
paiement de salaire		48
paiement des congés payés		108
paiement des heures supplémentaires		60
paiement du salaire		42
paiement salaire		101
paiement solde de tout compte		60
panier repas		204
paniers repas		54
pas de contrat		129
pas de contrat de travail		183
pas de contrat signé		48
pas de salaire		72
pause déjeuner		102
pause repas		126
pension alimentaire		66
pension d' invalidité		48
pension de retraite		65
pension de reversion	pension-de-reversion	510
pension de réversion	pension-de-reversion	263
pension de reversion	pension-de-reversion	90
pension de réversion	pension-de-reversion	69
pension reversion	pension-de-reversion	102
pension réversion	pension-de-reversion	60
periode d essai	periode-essai	120
periode d' essai	periode-essai	348
période d' essai	periode-essai	585
période d' essai	periode-essai	45
perte de salaire		144
plan social		48
pole emploi		204
pôle emploi		158
portabilité mutuelle		60
possibilité de sanction sur une odeur laissée au travail		48
preavis de demission	demission-preavis	66
préavis de démission	demission-preavis	155
preavis de licenciement	licenciement-preavis	66
préavis de licenciement	licenciement-preavis	84
préavis demission	demission-preavis	48
préavis démission	demission-preavis	215
préavis et congés payés		63
prime anciennete	prime-anciennete	102
prime ancienneté	prime-anciennete	162
prime annuelle		78
prime d anciennete	prime-anciennete	84
prime d ancienneté	prime-anciennete	153
prime d' activité		48
prime d' anciennete	prime-anciennete	102
prime d' ancienneté	prime-anciennete	729
prime d' assiduité		102
prime d' interessement		48
prime de départ à la retraite		102
prime de fin d annee		60
prime de fin d' année		234
prime de fin de contrat		138
prime de licenciement		459
prime de licenciement		45
prime de licenciment		66
prime de noel		84
prime de noel		60
prime de nuit		60
prime de panier		102
prime de participation		54
prime de precarite	prime-precarite	90
prime de précarité	prime-precarite	598
prime de précarité cdd	prime-precarite	90
prime de transport		54
prime de vacances		132
prime exceptionnelle		186
prime fin de contrat		54
prime licenciement		90
prime panier		96
prime précarité	prime-precarite	48
prime sur objectif		48
prise d' acte		60
prise de congés		57
prise de congés payés		54
probleme avec mon employeur		66
problème avec mon employeur		105
probleme avec mon patron		75
problème avec mon patron		48
probleme de contrat		48
problème de salaire		66
procedure de licenciement	licenciement-procedure	66
procédure de licenciement	licenciement-procedure	182
procédure de licenciement pour inaptitude	licenciement-inaptitude	42
procédure licenciement	licenciement-procedure	60
prolongation congé parental		66
promesse d embauche	promesse-embauche	48
promesse d' embauche	promesse-embauche	144
proposition de reclassement		60
prud' homme	prudhommes	42
prud' hommes	prudhommes	63
que dois je faire		51
que faire		144
quels sont mes droits		123
rachat de trimestres		47
radiation pole emploi		48
rapprochement de conjoint	demission-rapprochement-conjoint	69
reconversion professionnelle		48
récupération d' heures		51
récupération des heures supplémentaires		54
récupération jours fériés		54
redressement judiciaire		102
réduction du temps de travail		60
refus are		84
refus congés payés		42
refus de cdi		66
refus de congés		84
refus de congés payés		60
refus de licenciement		48
refus de mutation		132
refus de reclassement		78
refus de renouvellement de cdd		60
refus de rupture conventionnelle	rupture-conventionnelle-refus	138
refus renouvellement cdd		60
refus rupture conventionnelle	rupture-conventionnelle-refus	101
relevé de carrière		96
remboursement frais de transport		48
renouvellement ass		48
renouvellement cdd		231
renouvellement de cdd		105
renouvellement de contrat		65
renouvellement période d' essai		114
renseignement		72
repos compensateur		321
repos hebdomadaire		254
reprise ancienneté		66
reprise d' ancienneté		81
reprise de travail		84
reprise du travail		67
requalification cdd en cdi		123
requalification d' un cdd en cdi		78
retard de paiement		81
retard de salaire		102
retenue sur salaire		150
retour de congé maternité		48
retour de congé parental		42
retraite	droits-retraite	258
retraite à 60 ans	droits-retraite	45
retraite à taux plein	droits-retraite	46
retraite anticipée	droits-retraite	144
retraite anticipée	droits-retraite	60
retraite carrière longue		78
retraite complementaire		102
retraite complémentaire		132
retraite de reversion	pension-de-reversion	108
retraite de réversion	pension-de-reversion	50
retraite militaire		48
retraite progressive		73
risque de licenciement		63
rompre un cdd	rupture-cdd	72
rompre un cdi	rupture-cdi	72
rupture anticipée cdd	rupture-cdd	60
rupture anticipée d' un cdd	rupture-cdd	60
rupture cdd	rupture-cdd	336
rupture cdd pour cdi	rupture-cdd	93
rupture cdi	rupture-cdi	174
rupture contrat	rupture-contrat	204
rupture contrat apprentissage	rupture-contrat-apprentissage	107
rupture contrat assistante maternelle	rupture-assistance-maternelle	54
rupture contrat d' apprentissage	rupture-contrat-apprentissage	228
rupture contrat de professionnalisation	rupture-contrat-professionalisation	117
rupture contrat de travail	rupture-contrat	69
rupture contrat interim		60
rupture contrat pro		90
rupture conventionelle	rupture-conventionnelle	291
rupture conventionnel	rupture-conventionnelle	267
rupture conventionnelle	rupture-conventionnelle	4095
rupture conventionnelle	rupture-conventionnelle	192
rupture conventionnelle	rupture-conventionnelle	243
rupture conventionnelle à l' initiative de l' employeur	rupture-conventionnelle	48
rupture conventionnelle cdi	rupture-conventionnelle	90
rupture conventionnelle d' un cdi	rupture-conventionnelle	114
rupture conventionnelle de cdi	rupture-conventionnelle	84
rupture conventionnelle de contrat	rupture-conventionnelle	234
rupture conventionnelle de contrat de travail	rupture-conventionnelle	114
rupture conventionnelle du contrat de travail	rupture-conventionnelle	180
rupture conventionnelle et arrêt maladie	rupture-conventionnelle	48
rupture conventionnelle et congés payés	rupture-conventionnelle	72
rupture conventionnelle ou licenciement	rupture-conventionnelle	129
rupture conventionnelle ou licenciement économique	rupture-conventionnelle	81
rupture conventionnelle refusé	rupture-conventionnelle	48
rupture conventionnelle refusée	rupture-conventionnelle	84
rupture d' un cdd	rupture-cdd	138
rupture d' un cdd pour un cdi	rupture-cdd	42
rupture d' un contrat d' apprentissage	rupture-contrat-apprentissage	66
rupture d' un contrat de professionnalisation	rupture-contrat-professionalisation	66
rupture de cdd	rupture-cdd	210
rupture de cdi	rupture-cdi	90
rupture de contrat	rupture-contrat	1110
rupture de contrat	rupture-contrat	108
rupture de contrat assistante maternelle	rupture-assistance-maternelle	78
rupture de contrat cdd	rupture-cdd	60
rupture de contrat cdi	rupture-cdi	60
rupture de contrat conventionnel	rupture-conventionnelle	117
rupture de contrat conventionnelle	rupture-conventionnelle	180
rupture de contrat d' apprentissage	rupture-contrat-apprentissage	246
rupture de contrat de professionnalisation	rupture-contrat-professionalisation	48
rupture de contrat de travail	rupture-contrat	114
rupture de contrat en période d' essai	rupture-periode-dessai	42
rupture de contrat interim		42
rupture de contrat pendant la période d' essai	rupture-periode-dessai	54
rupture de la période d' essai	rupture-periode-dessai	114
rupture de periode d' essai	rupture-periode-dessai	78
rupture de période d' essai	rupture-periode-dessai	225
rupture du contrat d' apprentissage	rupture-contrat-apprentissage	54
rupture du contrat de travail	rupture-contrat	64
rupture en période d' essai	rupture-periode-dessai	48
rupture periode d essai	rupture-periode-dessai	78
rupture periode d' essai	rupture-periode-dessai	150
rupture période d' essai	rupture-periode-dessai	747
rupture période d' essai à l' initiative du salarié	rupture-periode-dessai	42
rupture période d' essai cdi	rupture-periode-dessai	54
rupture periode essai	rupture-periode-dessai	48
rupture période essai	rupture-periode-dessai	84
saisie sur salaire		60
salaire de base		69
salaire en retard		54
salaire et coefficient		54
salaire impayé		213
salaire minimum	smic	92
salaire minimum conventionnel	smic	57
salaire non payé		126
salaire non perçu		42
salaire non versé		72
salaires impayés		60
sanction disciplinaire		182
sans contrat de travail		66
solde de tous compte	calcul-solde-de-tout-compte	48
solde de tout compte	calcul-solde-de-tout-compte	1772
solde de tout compte	calcul-solde-de-tout-compte	72
solde de tout compte et congés payés		45
solde tout compte	calcul-solde-de-tout-compte	618
stage non rémunéré		48
statut cadre		48
succession de cdd		48
suivi de conjoint		132
suppression de poste		78
suspension de contrat		48
taux horaire		204
taux horaires		54
temps de pause	temps-de-pause	462
temps de pose	temps-de-pause	48
temps de repos		54
temps de trajet		98
temps de travail	temps-de-travail	1033
temps de travail effectif	temps-de-travail	97
temps partiel		429
temps partiel et congés payés		60
tenue de travail		84
ticket restaurant	tickets-restaurant	84
tickets restaurant	tickets-restaurant	78
tickets restaurants	tickets-restaurant	78
transfert de contrat		60
travail à temps partiel		54
travail au noir	travail-illegal	78
travail de nuit	travail-nuit	595
travail dissimulé	travail-illegal	132
travail du dimanche	travail-dimanche	141
travail du samedi	travail-samedi	42
travail le dimanche	travail-dimanche	354
travail le samedi	travail-samedi	108
travail le week end		72
travail non déclaré		72
travail sans contrat		324
travailler le dimanche	travail-dimanche	54
travailler sans contrat		72
travailleur handicapé		78
treizième mois		53
trimestres retraite		48
trop percu		132
trop perçu		393
trop perçu pole emploi		60
trop perçu pôle emploi		114
validation de trimestres		54
véhicule de fonction		54
véhicule de service		72
versement salaire		54
visite de reprise		78
visite medicale		102
visite médicale		234
voiture de fonction		72